date,max_tp,min_tp,rain,humidity
2020-03-01,0.0,1.6500000000000001,1.65,0.0
2020-03-02,0.08750000000000124,0.7750000000000001,2.15625,0.08750000000000124
2020-03-03,1.3749999999999982,2.1625000000000005,0.8,1.287499999999997
2020-03-04,0.4125000000000014,-1.1102230246251565e-16,0.50625,-0.9624999999999968
2020-03-05,-0.7875000000000014,-0.9249999999999999,2.3625000000000003,-1.2000000000000028
2020-03-06,1.0875000000000004,2.2874999999999996,0.94375,1.8750000000000018
2020-03-07,2.5,6.8625,4.34375,1.4124999999999996
2020-03-08,-2.5,4.8875,3.6125,-5.0
2020-03-09,2.0374999999999996,5.2875000000000005,15.0375,4.5375
2020-03-10,-0.012499999999997513,5.437499999999999,1.6437500000000003,-2.049999999999997
2020-03-11,-1.3125000000000018,1.6749999999999998,6.512500000000001,-1.3000000000000043
2020-03-12,-1.362499999999999,1.6624999999999999,5.081250000000001,-0.04999999999999716
2020-03-13,1.7374999999999972,4.0,2.63125,3.099999999999996
2020-03-14,0.6625000000000014,5.6375,3.8937500000000003,-1.0749999999999957
2020-03-15,-1.5374999999999996,2.3499999999999996,0.46875,-2.200000000000001
2020-03-16,0.45000000000000107,0.9624999999999999,1.9625,1.9875000000000007
2020-03-17,1.862499999999999,5.550000000000001,7.875000000000001,1.4124999999999979
2020-03-18,-4.0875,2.2875,0.09375,-5.949999999999999
2020-03-19,1.387500000000001,0.30000000000000004,0.13125,5.475000000000001
2020-03-20,0.11249999999999893,-0.07499999999999996,0.0375,-1.2750000000000021
2020-03-21,-2.6999999999999993,3.8125,0.9375,-2.8124999999999982
2020-03-22,4.125,2.4875000000000003,0.01875,6.824999999999999
2020-03-23,0.3000000000000007,3.6125000000000003,0.36250000000000004,-3.8249999999999993
2020-03-24,1.0875000000000004,7.2250000000000005,0.19375,0.7874999999999996
2020-03-25,0.6874999999999982,6.150000000000001,0.7937500000000001,-0.40000000000000213
2020-03-26,-0.7999999999999989,4.325,0.0,-1.4874999999999972
2020-03-27,1.0,2.8375,0.0,1.799999999999999
2020-03-28,-1.8000000000000007,4.4625,0.0,-2.8000000000000007
2020-03-29,-3.0749999999999993,0.55,0.0,-1.2749999999999986
2020-03-30,1.8874999999999993,1.1375,0.0,4.962499999999999
2020-03-31,0.3625000000000007,3.5375,0.09375,-1.5249999999999986
2020-04-01,-0.08750000000000036,4.749999999999999,0.425,-0.45000000000000107
2020-04-02,1.1624999999999996,5.7749999999999995,1.8312500000000003,1.25
2020-04-03,-0.01249999999999929,5.537499999999999,0.44999999999999996,-1.174999999999999
2020-04-04,0.7749999999999986,6.0249999999999995,0.04375,0.7874999999999979
2020-04-05,1.9124999999999979,8.175,7.55625,1.1374999999999993
2020-04-06,-1.5749999999999957,4.625,0.18125000000000002,-3.4874999999999936
2020-04-07,1.3625000000000007,3.1999999999999997,0.00625,2.9374999999999964
2020-04-08,1.2750000000000004,4.775,0.00625,-0.08750000000000036
2020-04-09,1.75,5.1125,0.0,0.47499999999999964
2020-04-10,0.22499999999999787,8.15,0.3875,-1.5250000000000021
2020-04-11,-1.625,8.225,1.3,-1.8499999999999979
2020-04-12,-4.875,6.3125,3.1999999999999997,-3.25
2020-04-13,1.0875000000000004,2.2375000000000003,0.0,5.9625
2020-04-14,1.5250000000000004,0.42499999999999993,0.0,0.4375
2020-04-15,1.8125000000000018,0.95,0.00625,0.2875000000000014
2020-04-16,1.0124999999999975,3.6375,0.0,-0.8000000000000043
2020-04-17,0.02500000000000213,7.7125,3.9750000000000005,-0.9874999999999954
2020-04-18,-3.9250000000000025,7.775000000000001,0.6500000000000001,-3.9500000000000046
2020-04-19,1.8249999999999975,6.925,0.018750000000000003,5.75
2020-04-20,1.7375000000000007,5.125,0.0,-0.0874999999999968
2020-04-21,-0.9249999999999972,4.2749999999999995,0.30000000000000004,-2.662499999999998
2020-04-22,1.6999999999999993,6.5375,0.0,2.6249999999999964
2020-04-23,0.7875000000000014,6.637500000000001,0.0,-0.9124999999999979
2020-04-24,0.25,7.187499999999999,0.0625,-0.5375000000000014
2020-04-25,-0.5250000000000021,6.9625,0.09375,-0.7750000000000021
2020-04-26,-4.637500000000001,6.862499999999999,0.33125,-4.112499999999999
2020-04-27,0.9625000000000021,3.2249999999999996,0.05625,5.600000000000003
2020-04-28,0.25,3.0124999999999997,1.9062499999999998,-0.7125000000000021
2020-04-29,-0.9750000000000014,4.687500000000001,11.6125,-1.2250000000000014
2020-04-30,-0.28749999999999964,3.9625000000000004,2.24375,0.6875000000000018
2020-05-01,-0.125,5.25,2.23125,0.16249999999999964
2020-05-02,2.1625000000000014,3.6375,0.1125,2.2875000000000014
2020-05-03,0.8874999999999993,5.4375,0.0,-1.2750000000000021
2020-05-04,0.21249999999999858,4.7625,0.0,-0.6750000000000007
2020-05-05,-0.7374999999999989,7.324999999999999,0.425,-0.9499999999999975
2020-05-06,1.674999999999999,7.625,1.2625,2.412499999999998
2020-05-07,0.32500000000000284,9.7375,0.58125,-1.349999999999996
2020-05-08,1.2125000000000021,8.7875,0.00625,0.8874999999999993
2020-05-09,1.8874999999999993,7.6125,1.9312500000000001,0.6749999999999972
2020-05-10,-6.600000000000003,5.0249999999999995,0.03125,-8.487500000000002
2020-05-11,-1.7125000000000004,2.2875,0.05,4.887500000000003
2020-05-12,1.5124999999999993,0.22499999999999987,0.0,3.2249999999999996
2020-05-13,-1.2624999999999975,2.1875,0.0,-2.774999999999997
2020-05-14,2.637500000000001,0.03749999999999998,0.0,3.8999999999999986
2020-05-15,-0.8000000000000025,3.7375000000000003,0.06875,-3.4375000000000036
2020-05-16,0.3625000000000007,6.825,0.4625000000000001,1.1625000000000032
2020-05-17,1.012500000000001,9.912500000000001,1.125,0.6500000000000004
2020-05-18,0.8374999999999968,10.9625,1.1375000000000002,-0.17500000000000426
2020-05-19,2.0250000000000004,11.575,0.08750000000000001,1.1875000000000036
2020-05-20,0.9875000000000043,9.825,0.17500000000000002,-1.037499999999996
2020-05-21,-1.9250000000000043,9.3875,10.125,-2.9125000000000085
2020-05-22,-2.224999999999998,9.3875,2.14375,-0.2999999999999936
2020-05-23,-0.45000000000000107,8.475,1.06875,1.7749999999999968
2020-05-24,2.5124999999999975,8.45,0.00625,2.9624999999999986
2020-05-25,-0.5374999999999979,7.262500000000001,0.19374999999999998,-3.0499999999999954
2020-05-26,1.3374999999999986,9.55,0.018750000000000003,1.8749999999999964
2020-05-27,2.7250000000000014,8.2625,0.0,1.3875000000000028
2020-05-28,3.4624999999999986,10.624999999999998,0.0,0.7374999999999972
2020-05-29,-1.4875000000000007,12.649999999999999,0.0,-4.949999999999999
2020-05-30,0.600000000000005,10.812499999999998,0.0,2.0875000000000057
2020-05-31,0.10000000000000142,10.9875,0.0,-0.5000000000000036
2020-06-01,0.3499999999999943,9.5,0.0,0.2499999999999929
2020-06-02,-2.25,9.6,0.40625,-2.5999999999999943
2020-06-03,-4.762499999999996,9.85,0.33125000000000004,-2.5124999999999957
2020-06-04,-1.4125000000000014,9.087499999999999,0.825,3.3499999999999943
2020-06-05,-0.21250000000000213,6.5,2.28125,1.1999999999999993
2020-06-06,-2.424999999999999,6.300000000000001,0.7125,-2.212499999999997
2020-06-07,2.2750000000000004,9.224999999999998,0.04375,4.699999999999999
2020-06-08,0.40000000000000036,7.575,0.0,-1.875
2020-06-09,-0.7750000000000004,7.424999999999999,1.2437500000000001,-1.1750000000000007
2020-06-10,0.22499999999999964,8.575,3.5562500000000004,1.0
2020-06-11,2.4625000000000004,9.475,1.0625,2.2375000000000007
2020-06-12,0.0625,10.7125,1.25625,-2.4000000000000004
2020-06-13,1.2124999999999986,12.012500000000001,2.7812499999999996,1.1499999999999986
2020-06-14,1.6625000000000014,11.575000000000001,2.2875,0.45000000000000284
2020-06-15,0.46250000000000213,10.1,1.4625,-1.1999999999999993
2020-06-16,-3.6750000000000007,11.424999999999999,1.3624999999999998,-4.137500000000003
2020-06-17,-0.21250000000000213,11.774999999999999,1.46875,3.4624999999999986
2020-06-18,1.3625000000000007,10.675,8.131250000000001,1.5750000000000028
2020-06-19,-1.2250000000000014,9.362499999999999,1.25,-2.587500000000002
2020-06-20,0.7624999999999993,8.3125,11.231250000000001,1.9875000000000007
2020-06-21,-0.6124999999999972,10.762500000000001,2.64375,-1.3749999999999964
2020-06-22,1.0,10.8375,8.643749999999999,1.6124999999999972
2020-06-23,-1.0875000000000021,12.362499999999997,7.2,-2.087500000000002
2020-06-24,2.25,11.6875,0.48749999999999993,3.337500000000002
2020-06-25,2.8999999999999986,11.749999999999998,2.3937500000000003,0.6499999999999986
2020-06-26,-3.1249999999999964,12.7,4.725,-6.024999999999995
2020-06-27,-3.162500000000003,11.075,9.931250000000002,-0.03750000000000675
2020-06-28,-1.0249999999999986,10.8125,11.49375,2.1375000000000046
2020-06-29,-0.6874999999999982,11.100000000000001,2.55,0.33750000000000036
2020-06-30,2.7375000000000007,10.7625,3.8125,3.424999999999999
2020-07-01,-0.6250000000000036,11.0625,6.275,-3.3625000000000043
2020-07-02,0.6625000000000014,10.037500000000001,3.8875,1.287500000000005
2020-07-03,-0.125,11.5875,3.6812500000000004,-0.7875000000000014
2020-07-04,0.9125000000000014,12.85,2.2125,1.0375000000000014
2020-07-05,-1.9375000000000036,10.7,2.25,-2.850000000000005
2020-07-06,1.1875000000000036,10.562499999999998,2.325,3.125000000000007
2020-07-07,-1.200000000000001,10.3375,8.9,-2.3875000000000046
2020-07-08,-0.28749999999999787,11.799999999999999,8.49375,0.9125000000000032
2020-07-09,2.4374999999999982,9.6,0.33125000000000004,2.724999999999996
2020-07-10,-0.7250000000000014,8.5125,0.14375,-3.1624999999999996
2020-07-11,0.6500000000000021,7.45,0.0,1.3750000000000036
2020-07-12,-0.5,9.775,1.7312500000000002,-1.1500000000000021
2020-07-13,0.2749999999999986,11.9,0.475,0.7749999999999986
2020-07-14,-2.3375000000000004,11.012499999999998,3.54375,-2.612499999999999
2020-07-15,3.262500000000001,12.262499999999998,0.3,5.600000000000001
2020-07-16,2.2875000000000014,13.512500000000001,0.9437500000000001,-0.9749999999999996
2020-07-17,-3.1750000000000043,13.562499999999998,4.6875,-5.462500000000006
2020-07-18,0.18750000000000355,9.7375,0.8062499999999999,3.362500000000008
2020-07-19,0.41249999999999787,7.8,0.00625,0.22499999999999432
2020-07-20,0.11250000000000426,6.862500000000001,0.19375,-0.2999999999999936
2020-07-21,0.7999999999999972,9.6625,3.0062499999999996,0.6874999999999929
2020-07-22,0.05000000000000071,12.8875,4.46875,-0.7499999999999964
2020-07-23,-0.4250000000000007,12.95,0.8562500000000001,-0.4750000000000014
2020-07-24,-0.375,12.387500000000001,6.33125,0.05000000000000071
2020-07-25,-0.8874999999999993,12.137499999999998,5.15625,-0.5124999999999993
2020-07-26,0.3249999999999993,11.887500000000001,11.7625,1.2124999999999986
2020-07-27,-0.0625,11.6,3.2937499999999993,-0.3874999999999993
2020-07-28,-0.5749999999999993,10.725,0.19374999999999998,-0.5124999999999993
2020-07-29,-0.9749999999999996,11.187500000000002,12.21875,-0.40000000000000036
2020-07-30,3.0999999999999996,14.887500000000001,5.03125,4.074999999999999
2020-07-31,1.1375000000000028,13.4875,4.93125,-1.9624999999999968
2020-08-01,-2.8125000000000036,11.862499999999999,3.78,-3.9500000000000064
2020-08-02,-0.15000000000000213,10.625,1.853333333333333,2.6625000000000014
2020-08-03,0.3000000000000007,10.425,2.066666666666667,0.45000000000000284
2020-08-04,2.9125000000000014,12.600000000000001,6.126666666666667,2.6125000000000007
2020-08-05,-1.4749999999999979,13.5375,4.92,-4.387499999999999
2020-08-06,1.2749999999999986,11.8625,1.3133333333333335,2.7499999999999964
2020-08-07,-0.15000000000000213,11.1,0.64,-1.4250000000000007
2020-08-08,0.8375000000000021,8.6375,0.020000000000000004,0.9875000000000043
2020-08-09,-0.3625000000000007,10.075000000000001,0.0,-1.2000000000000028
2020-08-10,-0.4875000000000007,12.3875,1.0,-0.125
2020-08-11,1.7624999999999993,12.725000000000001,0.020000000000000004,2.25
2020-08-12,0.9625000000000021,12.924999999999999,3.233333333333334,-0.7999999999999972
2020-08-13,-1.2875000000000014,14.4125,2.033333333333333,-2.2500000000000036
2020-08-14,-0.42500000000000426,15.4,0.14,0.8624999999999972
2020-08-15,0.7000000000000028,14.687499999999998,1.6133333333333333,1.125000000000007
2020-08-16,-1.7375000000000007,14.887500000000001,2.9600000000000004,-2.4375000000000036
2020-08-17,-1.9375,14.725,21.313333333333333,-0.1999999999999993
2020-08-18,2.712500000000002,13.762500000000001,5.046666666666667,4.650000000000002
2020-08-19,-1.7875000000000014,12.8,11.733333333333333,-4.5000000000000036
2020-08-20,0.4125000000000014,13.15,14.38,2.200000000000003
2020-08-21,-1.125,13.562499999999998,3.3533333333333335,-1.5375000000000014
2020-08-22,-0.9499999999999993,13.312499999999998,4.133333333333333,0.1750000000000007
2020-08-23,0.1374999999999993,11.575,1.1133333333333333,1.0874999999999986
2020-08-24,0.6625000000000014,10.675,22.186666666666667,0.5250000000000021
2020-08-25,-0.875,12.974999999999998,10.733333333333333,-1.5375000000000014
2020-08-26,1.0249999999999986,12.1625,1.4200000000000002,1.8999999999999986
2020-08-27,-1.8874999999999993,11.8375,10.206666666666667,-2.912499999999998
2020-08-28,0.21249999999999858,10.3375,2.1866666666666665,2.099999999999998
2020-08-29,-1.237499999999999,8.6125,0.10666666666666667,-1.4499999999999975
2020-08-30,0.7999999999999989,6.85,0.0,2.037499999999998
2020-08-31,1.7625000000000028,8.2375,0.4266666666666667,0.9625000000000039
2020-09-01,0.8874999999999957,13.0625,9.60625,-0.8750000000000071
2020-09-02,0.11250000000000426,13.749999999999998,7.44375,-0.7749999999999915
2020-09-03,-1.4875000000000007,11.675,0.44375000000000003,-1.600000000000005
2020-09-04,-0.8000000000000007,10.8375,1.3375,0.6875
2020-09-05,-0.6000000000000014,10.325000000000001,2.9875,0.1999999999999993
2020-09-06,1.4875000000000043,12.237499999999999,3.80625,2.0875000000000057
2020-09-07,-0.05000000000000426,12.8875,2.33125,-1.5375000000000085
2020-09-08,1.7625000000000028,14.5875,2.0875000000000004,1.812500000000007
2020-09-09,-2.1875,10.5,0.0625,-3.950000000000003
2020-09-10,-2.1750000000000025,10.9,0.75,0.012499999999997513
2020-09-11,0.8500000000000014,11.475,1.5687499999999999,3.025000000000004
2020-09-12,1.1750000000000025,10.5875,2.7375,0.32500000000000107
2020-09-13,2.8249999999999957,14.4625,0.00625,1.6499999999999932
2020-09-14,-0.21249999999999858,14.087499999999999,1.3875,-3.0374999999999943
2020-09-15,1.3000000000000007,13.9125,0.6749999999999999,1.5124999999999993
2020-09-16,0.7249999999999979,13.9,0.0125,-0.5750000000000028
2020-09-17,-1.3000000000000007,12.3,0.0,-2.0249999999999986
2020-09-18,-1.4375,9.525,0.025,-0.1374999999999993
2020-09-19,-1.7749999999999986,8.4375,0.0,-0.3374999999999986
2020-09-20,1.0749999999999993,6.35,0.0125,2.849999999999998
2020-09-21,-1.6249999999999964,8.274999999999999,0.049999999999999996,-2.6999999999999957
2020-09-22,-0.05000000000000071,9.2,4.4437500000000005,1.5749999999999957
2020-09-23,-2.6625000000000014,5.6375,4.44375,-2.6125000000000007
2020-09-24,-0.8375000000000004,6.0,4.9,1.825000000000001
2020-09-25,0.5250000000000004,5.0625,0.39375000000000004,1.3625000000000007
2020-09-26,0.40000000000000036,2.4,0.00625,-0.125
2020-09-27,1.4250000000000025,2.075,1.1500000000000001,1.0250000000000021
2020-09-28,1.0749999999999993,6.65,0.4375,-0.3500000000000032
2020-09-29,-1.3500000000000014,5.5,10.337499999999999,-2.4250000000000007
2020-09-30,-1.3125000000000018,5.7125,2.96875,0.037499999999999645
2020-10-01,-1.7624999999999993,3.8249999999999997,6.3812500000000005,-0.4499999999999975
2020-10-02,1.450000000000001,4.987500000000001,0.42499999999999993,3.2125000000000004
2020-10-03,0.0,6.449999999999999,1.8624999999999998,-1.450000000000001
2020-10-04,-1.0249999999999986,7.625,12.425,-1.0249999999999986
2020-10-05,1.3374999999999968,10.250000000000002,3.0,2.3624999999999954
2020-10-06,0.40000000000000036,9.087499999999999,2.10625,-0.9374999999999964
2020-10-07,-0.3999999999999986,7.6,13.65625,-0.7999999999999989
2020-10-08,-0.1750000000000007,7.7375,1.78125,0.22499999999999787
2020-10-09,-1.2624999999999993,6.8374999999999995,1.85,-1.0874999999999986
2020-10-10,0.6124999999999989,7.2250000000000005,0.7875,1.8749999999999982
2020-10-11,1.1500000000000004,7.0125,3.6187500000000004,0.5375000000000014
2020-10-12,-0.5250000000000004,8.137500000000001,2.05625,-1.6750000000000007
2020-10-13,-0.5,7.725,0.23125,0.025000000000000355
2020-10-14,1.4124999999999996,6.062500000000001,0.2,1.9124999999999996
2020-10-15,-0.20000000000000107,4.699999999999999,0.29375,-1.6125000000000007
2020-10-16,-1.4999999999999982,5.262499999999999,0.23124999999999998,-1.2999999999999972
2020-10-17,1.7763568394002505e-15,6.075,0.0875,1.5
2020-10-18,1.5999999999999996,6.125,1.33125,1.5999999999999979
2020-10-19,-0.9625000000000004,11.287500000000001,21.0625,-2.5625
2020-10-20,0.6499999999999986,10.4375,7.1312500000000005,1.612499999999999
2020-10-21,-1.3874999999999993,7.112500000000001,0.95625,-2.037499999999998
2020-10-22,-0.9874999999999989,5.5375,4.08125,0.40000000000000036
2020-10-23,0.4374999999999982,6.7625,4.925,1.4249999999999972
2020-10-24,0.33750000000000036,7.075,3.7,-0.09999999999999787
2020-10-25,-0.7874999999999996,6.4125,3.925,-1.125
2020-10-26,0.5875000000000004,6.9875,3.3000000000000003,1.375
2020-10-27,-0.20000000000000107,6.687499999999999,3.45,-0.7875000000000014
2020-10-28,-1.6249999999999982,5.9125000000000005,8.0625,-1.4249999999999972
2020-10-29,4.274999999999999,8.3,7.231249999999999,5.899999999999997
2020-10-30,-1.5250000000000004,7.3125,8.431249999999999,-5.799999999999999
2020-10-31,1.7750000000000004,7.725,4.21875,3.3000000000000007
2020-11-01,-1.9749999999999996,7.0375000000000005,11.456249999999999,-3.75
2020-11-02,-2.9875000000000007,5.0875,4.2375,-1.012500000000001
2020-11-03,0.11249999999999893,3.3125,1.43125,3.0999999999999996
2020-11-04,0.47499999999999964,2.5124999999999997,0.037500000000000006,0.3625000000000007
2020-11-05,-0.2624999999999975,4.0875,0.0875,-0.7374999999999972
2020-11-06,1.075000000000001,4.2125,0.0375,1.3374999999999986
2020-11-07,0.48749999999999893,5.7625,10.08125,-0.5875000000000021
2020-11-08,2.5250000000000004,10.7125,4.1125,2.0375000000000014
2020-11-09,0.1374999999999993,10.1875,1.99375,-2.387500000000001
2020-11-10,-2.0999999999999996,8.8875,6.8375,-2.237499999999999
2020-11-11,0.9249999999999989,7.2875000000000005,12.274999999999999,3.0249999999999986
2020-11-12,-1.1500000000000004,6.4624999999999995,5.512499999999999,-2.0749999999999993
2020-11-13,-1.9999999999999982,5.9125,2.45625,-0.8499999999999979
2020-11-14,2.4749999999999996,8.8,7.687500000000001,4.474999999999998
2020-11-15,-1.6374999999999993,6.487500000000001,2.86875,-4.112499999999999
2020-11-16,2.375,7.512499999999999,4.793749999999999,4.012499999999999
2020-11-17,1.3749999999999982,12.337499999999999,5.1875,-1.0000000000000018
2020-11-18,-0.9250000000000007,7.1625,3.7375000000000003,-2.299999999999999
2020-11-19,-4.599999999999998,4.9125000000000005,3.825,-3.674999999999997
2020-11-20,2.9749999999999996,8.299999999999999,3.5375,7.5749999999999975
2020-11-21,-0.5250000000000004,5.9,1.33125,-3.5
2020-11-22,-2.2125000000000004,3.1125,0.42500000000000004,-1.6875
2020-11-23,2.4499999999999993,4.275,4.956250000000001,4.6625
2020-11-24,-0.3000000000000007,4.400000000000001,5.95,-2.75
2020-11-25,-2.1499999999999986,2.7375,0.75,-1.8499999999999979
2020-11-26,-0.7124999999999986,1.8250000000000002,0.0375,1.4375
2020-11-27,-0.8125000000000009,2.2624999999999997,0.5437500000000001,-0.10000000000000231
2020-11-28,1.6249999999999991,1.8375000000000001,0.34375,2.4375
2020-11-29,0.5749999999999993,5.937499999999999,0.8750000000000001,-1.0499999999999998
2020-11-30,0.5375000000000014,6.2,0.8500000000000001,-0.03749999999999787
2020-12-01,0.05000000000000071,7.012499999999999,0.7823529411764706,-0.4875000000000007
2020-12-02,-1.262500000000001,4.6499999999999995,4.464705882352941,-1.3125000000000018
2020-12-03,-3.6624999999999996,0.20000000000000004,2.5588235294117645,-2.3999999999999986
2020-12-04,1.9124999999999996,0.7125,4.0588235294117645,5.574999999999999
2020-12-05,0.14999999999999947,3.0875,1.2647058823529411,-1.7625000000000002
2020-12-06,-2.6374999999999993,-0.08749999999999991,0.5235294117647058,-2.7874999999999988
2020-12-07,-0.7000000000000002,-1.7375,0.7470588235294119,1.9374999999999991
2020-12-08,3.625,1.1375,0.3411764705882353,4.325
2020-12-09,0.8125,2.3000000000000003,11.276470588235293,-2.8125
2020-12-10,1.4124999999999996,5.3,5.741176470588235,0.5999999999999996
2020-12-11,-0.6249999999999982,5.1000000000000005,2.235294117647059,-2.037499999999998
2020-12-12,-1.200000000000001,3.9125,9.311764705882354,-0.5750000000000028
2020-12-13,3.2624999999999993,6.4,8.658823529411764,4.4625
2020-12-14,-2.1000000000000014,5.9624999999999995,1.1705882352941175,-5.362500000000001
2020-12-15,-0.4624999999999986,4.875,8.4,1.6375000000000028
2020-12-16,0.9124999999999996,5.525,2.947058823529412,1.3749999999999982
2020-12-17,1.6625000000000014,5.4,9.658823529411766,0.7500000000000018
2020-12-18,0.2375000000000007,7.7,4.564705882352941,-1.4250000000000007
2020-12-19,-3.0875000000000004,5.449999999999999,3.376470588235294,-3.325000000000001
2020-12-20,-0.7250000000000014,4.4125,3.0294117647058822,2.362499999999999
2020-12-21,0.7374999999999989,2.8125000000000004,4.3352941176470585,1.4625000000000004
2020-12-22,-2.8999999999999986,1.0625,12.352941176470587,-3.6374999999999975
2020-12-23,1.1500000000000004,2.8375,2.235294117647059,4.049999999999999
2020-12-24,-0.7125000000000004,1.075,0.06470588235294117,-1.8625000000000007
2020-12-25,2.112499999999999,0.9124999999999999,0.4882352941176471,2.8249999999999993
2020-12-26,0.8000000000000025,5.6000000000000005,14.905882352941177,-1.3124999999999964
2020-12-27,-2.250000000000001,1.6375,6.894117647058824,-3.0500000000000034
2020-12-28,-0.22500000000000142,3.4000000000000004,4.582352941176471,2.0249999999999995
2020-12-29,-0.7374999999999998,1.7625,1.3117647058823527,-0.5124999999999984
2020-12-30,-1.3749999999999991,-0.37499999999999994,1.211764705882353,-0.6374999999999993
2020-12-31,1.0875000000000004,-0.8499999999999999,4.988235294117647,2.4624999999999995
2021-01-01,0.16249999999999964,-0.22500000000000003,0.37058823529411766,-0.9250000000000007
2021-01-02,-0.22499999999999964,-1.1749999999999998,0.28823529411764703,-0.3874999999999993
2021-01-03,-1.5375000000000005,-2.1374999999999997,0.7352941176470589,-1.3125000000000009
2021-01-04,0.07499999999999929,-0.5875000000000002,0.4882352941176471,1.6124999999999998
2021-01-05,0.5500000000000007,-0.25,0.6,0.4750000000000014
2021-01-06,-1.15,-2.6625,1.9705882352941178,-1.7000000000000006
2021-01-07,1.1874999999999996,-0.8125,0.8117647058823528,2.3374999999999995
2021-01-08,-1.275,-1.9625,0.22352941176470587,-2.4624999999999995
2021-01-09,0.6625000000000001,-3.375,0.4764705882352941,1.9375
2021-01-10,2.6125,2.075,0.7352941176470589,1.9499999999999997
2021-01-11,2.7375000000000025,5.6875,10.658823529411764,0.12500000000000266
2021-01-12,0.12499999999999822,6.325,11.18235294117647,-2.6125000000000043
2021-01-13,1.237499999999999,7.637499999999999,2.5588235294117645,1.1125000000000007
2021-01-14,-1.5250000000000004,1.65,0.35294117647058826,-2.7624999999999993
2021-01-15,0.7375000000000007,0.825,10.752941176470587,2.262500000000001
2021-01-16,-0.21250000000000213,4.624999999999999,0.7941176470588235,-0.9500000000000028
2021-01-17,-2.4999999999999964,2.9750000000000005,0.22941176470588234,-2.2874999999999943
2021-01-18,2.0749999999999993,4.1375,11.564705882352941,4.574999999999996
2021-01-19,0.625,6.7875000000000005,14.347058823529412,-1.4499999999999993
2021-01-20,-2.3999999999999995,1.475,4.847058823529411,-3.0249999999999995
2021-01-21,-0.9375,0.24999999999999994,1.7647058823529411,1.4624999999999995
2021-01-22,-1.3125000000000009,-0.38749999999999996,1.564705882352941,-0.3750000000000009
2021-01-23,-1.1500000000000004,-2.15,1.9411764705882353,0.16250000000000053
2021-01-24,-0.8499999999999992,-2.325,0.3764705882352941,0.30000000000000115
2021-01-25,1.6249999999999987,-2.75,6.194117647058824,2.474999999999998
2021-01-26,4.8625,3.725,3.0,3.237500000000001
2021-01-27,0.4250000000000007,7.387499999999999,10.158823529411764,-4.437499999999999
2021-01-28,0.9500000000000011,7.8625,4.170588235294118,0.5250000000000004
2021-01-29,-0.9125000000000014,6.125,9.758823529411766,-1.8625000000000025
2021-01-30,-3.7749999999999986,3.7625,5.858823529411764,-2.862499999999997
2021-01-31,-0.2875000000000014,2.95,6.800000000000001,3.487499999999997
2021-02-01,1.5749999999999993,4.45,11.688235294117648,1.8625000000000007
2021-02-02,1.575000000000001,5.8625,8.329411764705881,1.7763568394002505e-15
2021-02-03,-1.049999999999999,5.1000000000000005,4.252941176470588,-2.625
2021-02-04,0.3999999999999986,5.2749999999999995,1.9058823529411764,1.4499999999999975
2021-02-05,-1.8624999999999998,3.3000000000000003,0.6705882352941177,-2.2624999999999984
2021-02-06,-0.1999999999999993,3.75,0.6235294117647059,1.6625000000000005
2021-02-07,-1.7375000000000007,1.9749999999999999,0.3058823529411765,-1.5375000000000014
2021-02-08,-1.9874999999999998,0.49999999999999994,0.27647058823529413,-0.2499999999999991
2021-02-09,-0.34999999999999964,-0.48750000000000004,0.2529411764705882,1.6375000000000002
2021-02-10,0.4499999999999993,-1.4874999999999998,0.22941176470588234,0.7999999999999989
2021-02-11,-0.23749999999999938,-0.38749999999999996,1.4176470588235295,-0.6874999999999987
2021-02-12,2.3124999999999996,1.975,6.747058823529412,2.549999999999999
2021-02-13,3.437500000000001,2.0875000000000004,3.6999999999999997,1.1250000000000013
2021-02-14,3.799999999999999,7.0125,6.7176470588235295,0.36249999999999805
2021-02-15,-0.34999999999999964,7.7625,2.6,-4.149999999999999
2021-02-16,-1.3749999999999982,6.5375000000000005,3.1999999999999997,-1.0249999999999986
2021-02-17,-1.4000000000000021,3.4875,11.323529411764707,-0.025000000000003908
2021-02-18,-0.48749999999999893,2.525,9.970588235294118,0.9125000000000032
2021-02-19,2.8125,6.312499999999999,7.882352941176471,3.299999999999999
2021-02-20,-0.12500000000000178,6.4125000000000005,3.5999999999999996,-2.9375000000000018
2021-02-21,-0.9374999999999964,4.7,0.7588235294117647,-0.8124999999999947
2021-02-22,0.3499999999999961,2.7875,8.741176470588236,1.2874999999999925
2021-02-23,1.7874999999999996,8.8125,11.51764705882353,1.4375000000000036
2021-02-24,-1.8624999999999972,5.5375,2.158823529411765,-3.649999999999997
2021-02-25,-1.012500000000001,3.4125,0.21764705882352942,0.8499999999999961
2021-02-26,1.5625,3.5125,0.10588235294117646,2.575000000000001
2021-02-27,-0.42499999999999893,5.6375,0.23529411764705882,-1.987499999999999
2021-02-28,0.10000000000000142,1.125,0.0058823529411764705,0.5250000000000004
2021-03-01,-0.9875000000000025,1.0625,0.0,-1.087500000000004
2021-03-02,-1.5500000000000007,1.1125,0.011764705882352941,-0.5624999999999982
2021-03-03,-2.2624999999999984,3.05,0.0058823529411764705,-0.7124999999999977
2021-03-04,-0.5874999999999995,2.825,0.08823529411764706,1.674999999999999
2021-03-05,1.8499999999999996,0.9375,0.0058823529411764705,2.437499999999999
2021-03-06,1.0374999999999996,1.7625000000000002,0.0,-0.8125
2021-03-07,0.16249999999999964,2.475,0.3941176470588236,-0.875
2021-03-08,1.2500000000000018,4.925,1.2294117647058822,1.0875000000000021
2021-03-09,-0.012500000000001066,6.825,6.405882352941177,-1.2625000000000028
2021-03-10,2.4999999999999982,6.7125,8.829411764705881,2.5124999999999993
2021-03-11,-3.5124999999999975,3.275,5.776470588235294,-6.012499999999996
2021-03-12,-0.45000000000000107,2.8249999999999997,9.964705882352941,3.0624999999999964
2021-03-13,-0.6749999999999989,2.5125,4.694117647058825,-0.22499999999999787
2021-03-14,2.6999999999999993,4.825,2.0352941176470587,3.3749999999999982
2021-03-15,1.6875,7.512499999999999,1.0411764705882351,-1.0124999999999993
2021-03-16,1.4124999999999996,4.624999999999999,0.10588235294117648,-0.27500000000000036
2021-03-17,-1.5999999999999996,1.4375,0.12352941176470589,-3.0124999999999993
2021-03-18,0.1374999999999993,7.3374999999999995,0.07058823529411765,1.737499999999999
2021-03-19,0.4250000000000007,5.075,0.041176470588235294,0.2875000000000014
2021-03-20,-1.200000000000001,4.7749999999999995,0.07058823529411765,-1.6250000000000018
2021-03-21,-0.4875000000000007,5.949999999999999,0.08823529411764706,0.7125000000000004
2021-03-22,-0.34999999999999964,6.9624999999999995,0.0,0.13750000000000107
2021-03-23,0.8500000000000014,5.5874999999999995,0.8705882352941177,1.200000000000001
2021-03-24,-0.125,4.575,1.5235294117647058,-0.9750000000000014
2021-03-25,1.0249999999999986,5.75,4.7,1.1499999999999986
2021-03-26,-4.137499999999999,1.85,3.476470588235294,-5.162499999999998
2021-03-27,2.400000000000002,2.9250000000000003,5.041176470588234,6.537500000000001
2021-03-28,2.587499999999997,9.1875,6.347058823529411,0.18749999999999467
2021-03-29,1.0500000000000007,11.0,0.6117647058823529,-1.537499999999996
2021-03-30,0.46250000000000036,7.174999999999999,1.0411764705882351,-0.5875000000000004
2021-03-31,-2.1999999999999993,6.2125,0.4882352941176471,-2.6624999999999996
2021-04-01,1.4499999999999993,5.65,0.0058823529411764705,3.6499999999999986
2021-04-02,-0.4875000000000025,3.2125,0.0,-1.9375000000000018
2021-04-03,-0.5625,1.125,0.0,-0.07499999999999751
2021-04-04,-1.1999999999999957,1.05,0.2529411764705882,-0.6374999999999957
2021-04-05,-4.0500000000000025,0.36250000000000004,0.3588235294117647,-2.8500000000000068
2021-04-06,0.7249999999999996,-0.07499999999999998,1.2470588235294118,4.775000000000002
2021-04-07,1.6500000000000021,1.475,1.1411764705882352,0.9250000000000025
2021-04-08,0.375,4.4750000000000005,1.5058823529411764,-1.2750000000000021
2021-04-09,-1.387500000000001,0.9375,1.0529411764705883,-1.762500000000001
2021-04-10,-0.8375000000000004,-1.5749999999999997,1.0705882352941178,0.5500000000000007
2021-04-11,0.5875000000000004,-1.275,1.1529411764705881,1.4250000000000007
2021-04-12,1.8500000000000014,2.6875,2.111764705882353,1.262500000000001
2021-04-13,1.8874999999999993,1.0125000000000002,0.03529411764705883,0.03749999999999787
2021-04-14,1.049999999999999,1.5250000000000001,0.0,-0.8375000000000004
2021-04-15,0.375,2.5250000000000004,0.0058823529411764705,-0.6749999999999989
2021-04-16,-3.0749999999999993,3.7750000000000004,0.24117647058823527,-3.4499999999999993
2021-04-17,1.424999999999999,5.574999999999999,2.7117647058823526,4.499999999999998
2021-04-18,-1.4624999999999986,6.800000000000001,0.8117647058823529,-2.8874999999999975
2021-04-19,-0.012500000000001066,6.9625,3.3235294117647065,1.4499999999999975
2021-04-20,1.1500000000000021,6.5874999999999995,0.41764705882352937,1.1625000000000032
2021-04-21,3.4250000000000007,4.1,0.023529411764705882,2.2749999999999986
2021-04-22,0.3124999999999982,5.2875000000000005,0.0,-3.1125000000000025
2021-04-23,0.5999999999999979,4.875,0.0,0.28749999999999964
2021-04-24,1.4125000000000014,6.7,0.0,0.8125000000000036
2021-04-25,-1.6875,4.199999999999999,0.0,-3.1000000000000014
2021-04-26,-0.3125,1.8750000000000002,0.11176470588235293,1.375
2021-04-27,-3.5625,7.1,2.1941176470588237,-3.25
2021-04-28,-0.45000000000000107,4.85,0.15882352941176472,3.112499999999999
2021-04-29,-0.5999999999999996,2.0875,2.476470588235294,-0.14999999999999858
2021-04-30,0.21250000000000036,0.7249999999999999,0.4,0.8125
2021-05-01,0.6749999999999989,1.3874999999999997,0.49411764705882344,0.4624999999999986
2021-05-02,0.07500000000000284,1.2000000000000002,6.741176470588235,-0.5999999999999961
2021-05-03,-0.38750000000000107,6.487499999999999,8.123529411764705,-0.4625000000000039
2021-05-04,-1.3000000000000007,4.1499999999999995,2.4000000000000004,-0.9124999999999996
2021-05-05,-0.1374999999999993,1.9125,1.6529411764705884,1.1625000000000014
2021-05-06,1.174999999999999,-0.33749999999999997,0.07058823529411765,1.3124999999999982
2021-05-07,0.8625000000000025,0.10000000000000006,12.623529411764705,-0.31249999999999645
2021-05-08,3.7499999999999947,5.95,3.829411764705882,2.887499999999992
2021-05-09,-1.849999999999996,9.299999999999999,2.1294117647058823,-5.599999999999991
2021-05-10,-0.4250000000000007,7.7875,4.758823529411765,1.4249999999999954
2021-05-11,0.40000000000000036,5.55,2.170588235294118,0.8250000000000011
2021-05-12,-0.375,4.275,3.611764705882353,-0.7750000000000004
2021-05-13,0.3374999999999986,4.4625,0.4764705882352941,0.7124999999999986
2021-05-14,0.18750000000000178,4.5625,3.9588235294117644,-0.1499999999999968
2021-05-15,-0.9000000000000021,7.25,7.0588235294117645,-1.087500000000004
2021-05-16,1.2500000000000018,6.562499999999999,2.3294117647058825,2.150000000000004
2021-05-17,-1.2124999999999986,5.55,2.5588235294117645,-2.4625000000000004
2021-05-18,0.5249999999999986,5.4625,3.0823529411764703,1.7374999999999972
2021-05-19,0.7749999999999986,5.7875000000000005,7.0588235294117645,0.25
2021-05-20,-2.099999999999998,8.3125,12.811764705882354,-2.8749999999999964
2021-05-21,-1.5250000000000021,6.675000000000001,2.264705882352941,0.5749999999999957
2021-05-22,0.9000000000000021,4.375,4.611764705882353,2.4250000000000043
2021-05-23,0.4499999999999993,5.2125,7.011764705882353,-0.45000000000000284
2021-05-24,0.7999999999999989,4.3625,1.588235294117647,0.34999999999999964
2021-05-25,0.875,6.787499999999999,1.9411764705882353,0.07500000000000107
2021-05-26,1.6000000000000032,5.062500000000001,0.01764705882352941,0.7250000000000032
2021-05-27,-1.950000000000001,6.262499999999999,9.347058823529412,-3.5500000000000043
2021-05-28,1.362499999999999,7.637500000000001,1.3411764705882352,3.3125
2021-05-29,2.6374999999999993,8.3375,0.047058823529411764,1.2750000000000004
2021-05-30,2.724999999999998,7.862499999999999,0.0,0.08749999999999858
2021-05-31,-1.7499999999999964,8.9375,0.4647058823529412,-4.474999999999994
2021-06-01,-2.2375000000000007,9.85,0.6,-0.48750000000000426
2021-06-02,0.14999999999999858,10.2625,2.323529411764706,2.3874999999999993
2021-06-03,0.38750000000000284,9.950000000000001,0.7999999999999999,0.23750000000000426
2021-06-04,-0.46250000000000213,9.862499999999999,0.8294117647058823,-0.850000000000005
2021-06-05,-0.9999999999999964,9.0,0.12352941176470589,-0.5374999999999943
2021-06-06,0.8125,6.875,0.0,1.8124999999999964
2021-06-07,0.7499999999999964,9.375000000000002,0.31176470588235294,-0.06250000000000355
2021-06-08,0.7375000000000007,12.687499999999998,1.4588235294117646,-0.012499999999995737
2021-06-09,0.8374999999999986,13.95,0.7764705882352941,0.09999999999999787
2021-06-10,0.03750000000000142,13.737499999999999,0.33529411764705885,-0.7999999999999972
2021-06-11,-2.0124999999999993,11.4375,0.023529411764705882,-2.0500000000000007
2021-06-12,1.7999999999999972,10.8125,0.0,3.8124999999999964
2021-06-13,1.5125000000000028,12.1,1.4529411764705882,-0.2874999999999943
2021-06-14,-4.012499999999999,9.175,0.07647058823529412,-5.525000000000002
2021-06-15,2.1499999999999986,7.824999999999999,3.4411764705882355,6.162499999999998
2021-06-16,-1.7874999999999979,10.162500000000001,0.2647058823529412,-3.9374999999999964
2021-06-17,-0.2375000000000007,7.812500000000001,0.03529411764705882,1.5499999999999972
2021-06-18,-0.7250000000000014,5.2625,0.0,-0.4875000000000007
2021-06-19,1.4124999999999979,6.8500000000000005,0.023529411764705882,2.1374999999999993
2021-06-20,1.2875000000000014,10.5625,0.6764705882352942,-0.12499999999999645
2021-06-21,-1.6750000000000007,8.1125,0.0,-2.962500000000002
2021-06-22,-1.5249999999999986,5.574999999999999,3.1823529411764704,0.15000000000000213
2021-06-23,2.512500000000003,10.575,1.9411764705882353,4.037500000000001
2021-06-24,-1.1125000000000043,10.512500000000001,5.670588235294118,-3.625000000000007
2021-06-25,-1.9749999999999979,8.95,0.052941176470588235,-0.8624999999999936
2021-06-26,1.8624999999999972,7.950000000000001,0.0,3.837499999999995
2021-06-27,2.762500000000003,8.3875,0.0,0.9000000000000057
2021-06-28,-0.012500000000002842,10.112499999999999,0.011764705882352941,-2.7750000000000057
2021-06-29,0.3500000000000014,9.675,0.0,0.36250000000000426
2021-06-30,-0.4750000000000014,8.862499999999999,0.0,-0.8250000000000028
2021-07-01,-1.1249999999999964,8.925,0.0058823529411764705,-0.649999999999995
2021-07-02,0.6999999999999993,11.400000000000002,2.811764705882353,1.8249999999999957
2021-07-03,0.125,13.3125,6.552941176470588,-0.5749999999999993
2021-07-04,-0.6749999999999972,11.775,12.829411764705881,-0.7999999999999972
2021-07-05,-0.6375000000000064,10.4,4.635294117647058,0.03749999999999076
2021-07-06,-1.1249999999999964,11.5,6.305882352941175,-0.48749999999999005
2021-07-07,1.8499999999999979,12.375000000000002,0.3470588235294118,2.9749999999999943
2021-07-08,-1.3249999999999993,12.2375,0.07647058823529412,-3.174999999999997
2021-07-09,1.4625000000000021,13.0125,0.5823529411764705,2.7875000000000014
2021-07-10,1.5,12.974999999999998,1.8823529411764703,0.03749999999999787
2021-07-11,-1.4375000000000036,13.3375,7.064705882352942,-2.9375000000000036
2021-07-12,1.6875000000000036,13.4375,0.8647058823529413,3.125000000000007
2021-07-13,-0.9625000000000021,12.8375,0.14705882352941177,-2.6500000000000057
2021-07-14,0.625,12.5125,0.07058823529411766,1.5875000000000021
2021-07-15,1.0875000000000021,13.7625,0.023529411764705882,0.46250000000000213
2021-07-16,3.174999999999997,12.962500000000002,0.0,2.087499999999995
2021-07-17,1.8125,13.100000000000001,0.0058823529411764705,-1.3624999999999972
2021-07-18,-1.1874999999999964,13.987500000000002,0.0058823529411764705,-2.9999999999999964
2021-07-19,0.28749999999999787,14.125,0.0,1.4749999999999943
2021-07-20,0.9499999999999993,14.3875,0.0,0.6625000000000014
2021-07-21,2.0874999999999986,14.7625,0.0,1.1374999999999993
2021-07-22,0.26250000000000284,16.599999999999998,0.0,-1.8249999999999957
2021-07-23,-1.1125000000000007,15.925,0.8117647058823528,-1.3750000000000036
2021-07-24,-2.875,14.025,0.0,-1.7624999999999993
2021-07-25,0.3874999999999993,12.062500000000002,0.0,3.2624999999999993
2021-07-26,-5.799999999999997,13.675000000000002,3.935294117647059,-6.1874999999999964
2021-07-27,0.1374999999999993,12.937500000000002,7.300000000000001,5.9374999999999964
2021-07-28,-1.75,11.575,5.258823529411764,-1.8874999999999993
2021-07-29,0.01249999999999929,11.500000000000002,7.31764705882353,1.7624999999999993
2021-07-30,0.9875000000000007,12.9,3.0941176470588236,0.9750000000000014
2021-07-31,0.4749999999999943,13.012500000000001,0.723529411764706,-0.5125000000000064
2021-08-01,-0.8499999999999943,10.6625,0.7058823529411765,-1.3249999999999886
2021-08-02,-1.3000000000000007,9.1,2.894117647058824,-0.4500000000000064
2021-08-03,2.8249999999999957,10.887500000000001,2.0058823529411764,4.1249999999999964
2021-08-04,0.16250000000000497,12.0875,8.370588235294118,-2.6624999999999908
2021-08-05,-0.16250000000000142,13.775,20.511764705882353,-0.3250000000000064
2021-08-06,-1.5374999999999979,13.775,9.676470588235293,-1.3749999999999964
2021-08-07,-1.1000000000000014,13.7,11.129411764705882,0.43749999999999645
2021-08-08,1.1000000000000014,12.5125,4.3,2.200000000000003
2021-08-09,1.1624999999999979,11.8375,2.464705882352941,0.06249999999999645
2021-08-10,-0.22499999999999787,11.25,2.9705882352941178,-1.3874999999999957
2021-08-11,-0.15000000000000213,10.875,3.9,0.07499999999999574
2021-08-12,-0.03750000000000142,10.975,1.723529411764706,0.11250000000000071
2021-08-13,-0.2749999999999986,12.262500000000001,0.6705882352941176,-0.23749999999999716
2021-08-14,-1.9624999999999986,12.225,4.4411764705882355,-1.6875
2021-08-15,1.8249999999999993,12.649999999999999,0.8470588235294118,3.787499999999998
2021-08-16,-1.5625000000000036,12.5,1.4058823529411764,-3.387500000000003
2021-08-17,0.18750000000000355,12.4,0.8294117647058824,1.750000000000007
2021-08-18,0.29999999999999716,11.4,0.35294117647058826,0.1124999999999936
2021-08-19,2.575000000000003,11.700000000000001,1.5705882352941178,2.2750000000000057
2021-08-20,-0.2624999999999993,13.762499999999998,12.135294117647058,-2.837500000000002
2021-08-21,-0.12500000000000355,13.112499999999997,5.435294117647059,0.13749999999999574
2021-08-22,0.25000000000000355,12.6,0.12941176470588237,0.3750000000000071
2021-08-23,2.3874999999999957,12.925,0.023529411764705882,2.137499999999992
2021-08-24,0.9250000000000043,12.2875,0.023529411764705882,-1.4624999999999915
2021-08-25,-0.11250000000000071,10.924999999999999,0.0058823529411764705,-1.037500000000005
2021-08-26,-0.4750000000000014,11.6,0.0,-0.3625000000000007
2021-08-27,-0.4250000000000007,11.5875,0.0058823529411764705,0.05000000000000071
2021-08-28,-1.6624999999999979,11.425,0.017647058823529415,-1.2374999999999972
2021-08-29,-1.3875000000000028,11.5125,0.017647058823529415,0.274999999999995
2021-08-30,-1.1125000000000007,12.787500000000001,0.0058823529411764705,0.27500000000000213
2021-08-31,-0.07499999999999574,12.0375,0.06470588235294118,1.037500000000005
2021-09-01,0.1750000000000007,10.837499999999999,0.0,0.24999999999999645
2021-09-02,-0.6125000000000043,10.85,0.0,-0.787500000000005
2021-09-03,0.18750000000000355,12.350000000000001,0.0,0.8000000000000078
2021-09-04,1.9000000000000021,12.424999999999999,0.225,1.7124999999999986
2021-09-05,-0.05000000000000426,14.3375,2.35,-1.9500000000000064
2021-09-06,2.25,14.524999999999999,0.11875,2.3000000000000043
2021-09-07,3.575000000000003,13.312500000000002,0.48124999999999996,1.3250000000000028
2021-09-08,-3.600000000000005,15.45,6.3,-7.175000000000008
2021-09-09,-1.2499999999999964,15.712499999999999,3.8999999999999995,2.3500000000000085
2021-09-10,-2.0625,13.6875,0.49999999999999994,-0.8125000000000036
2021-09-11,-0.5374999999999979,11.387500000000001,0.51875,1.5250000000000021
2021-09-12,-1.3125000000000036,10.000000000000002,0.69375,-0.7750000000000057
2021-09-13,1.2750000000000021,10.799999999999999,3.875,2.5875000000000057
2021-09-14,1.0749999999999993,13.15,2.125,-0.20000000000000284
2021-09-15,-0.9875000000000007,10.8625,0.15,-2.0625
2021-09-16,1.1000000000000014,11.3625,5.58125,2.087500000000002
2021-09-17,-0.40000000000000213,10.7,2.18125,-1.5000000000000036
2021-09-18,-1.4375,8.8125,2.6187499999999995,-1.0374999999999979
2021-09-19,0.5250000000000021,10.125000000000002,0.825,1.9625000000000021
2021-09-20,0.47499999999999787,11.8875,0.18124999999999997,-0.05000000000000426
2021-09-21,-0.48749999999999716,12.975,0.10625,-0.962499999999995
2021-09-22,1.5749999999999957,13.65,0.675,2.062499999999993
2021-09-23,-1.1750000000000007,12.4125,0.7000000000000001,-2.7499999999999964
2021-09-24,0.4375,14.5375,0.58125,1.6125000000000007
2021-09-25,1.5124999999999993,14.2625,0.34375,1.0749999999999993
2021-09-26,-1.6124999999999972,10.7875,9.512500000000001,-3.1249999999999964
2021-09-27,-3.174999999999999,8.4875,3.7499999999999996,-1.5625000000000018
2021-09-28,-0.7624999999999993,7.175,3.375,2.4124999999999996
2021-09-29,0.17499999999999893,6.375,8.187500000000002,0.9374999999999982
2021-09-30,1.1500000000000004,11.575,4.95,0.9750000000000014
2021-10-01,-1.7124999999999986,7.925000000000001,3.775,-2.862499999999999
2021-10-02,-0.5500000000000043,7.2124999999999995,3.6062499999999997,1.1624999999999943
2021-10-03,1.387500000000001,8.299999999999999,3.175,1.9375000000000053
2021-10-04,-0.6875,7.125000000000001,7.2875000000000005,-2.075000000000001
2021-10-05,0.8750000000000018,7.0875,0.7875,1.5625000000000018
2021-10-06,1.737499999999999,8.35,5.575,0.8624999999999972
2021-10-07,1.5625,15.425,5.3875,-0.17499999999999893
2021-10-08,-0.8624999999999972,14.612499999999999,8.556249999999999,-2.424999999999997
2021-10-09,-0.12500000000000355,9.012500000000001,0.8375,0.7374999999999936
2021-10-10,-1.5249999999999986,7.2250000000000005,0.04375,-1.399999999999995
2021-10-11,-0.41249999999999964,5.8375,0.05,1.112499999999999
2021-10-12,-0.6000000000000014,9.537500000000001,0.025,-0.18750000000000178
2021-10-13,-0.7374999999999989,9.362499999999999,0.0,-0.1374999999999975
2021-10-14,1.3000000000000007,10.100000000000001,0.625,2.0374999999999996
2021-10-15,-1.0500000000000007,7.112500000000001,0.2875,-2.3500000000000014
2021-10-16,0.7750000000000004,9.975000000000001,3.85625,1.825000000000001
2021-10-17,0.9874999999999989,12.35,3.8187499999999996,0.21249999999999858
2021-10-18,2.1374999999999993,13.45,4.45,1.1500000000000004
2021-10-19,0.20000000000000284,10.2375,8.65,-1.9374999999999964
2021-10-20,-5.125,7.4624999999999995,2.1687499999999997,-5.325000000000003
2021-10-21,-1.125,4.824999999999999,0.3875,4.0
2021-10-22,0.8624999999999989,8.0625,0.49375,1.987499999999999
2021-10-23,0.9749999999999996,9.599999999999998,7.7749999999999995,0.11250000000000071
2021-10-24,1.2874999999999979,9.025000000000002,1.93125,0.3124999999999982
2021-10-25,-1.724999999999996,7.8,2.2625,-3.012499999999994
2021-10-26,3.362499999999999,10.475,8.69375,5.087499999999995
2021-10-27,-0.9875000000000007,12.3625,22.51875,-4.35
2021-10-28,-1.0374999999999979,8.612499999999999,4.7625,-0.04999999999999716
2021-10-29,-1.6250000000000036,6.2125,4.5687500000000005,-0.5875000000000057
2021-10-30,-0.9249999999999989,5.449999999999999,10.875,0.7000000000000046
2021-10-31,-0.8374999999999986,6.812499999999999,7.8999999999999995,0.08750000000000036
2021-11-01,-0.07500000000000284,5.1875,3.2199999999999998,0.7624999999999957
2021-11-02,0.12500000000000178,3.975,1.0666666666666667,0.20000000000000462
2021-11-03,-0.6125000000000007,4.9625,0.29333333333333333,-0.7375000000000025
2021-11-04,-0.14999999999999858,4.0375,0.5,0.46250000000000213
2021-11-05,0.9625000000000004,7.9125,0.39999999999999997,1.112499999999999
2021-11-06,2.174999999999999,8.4875,0.9466666666666668,1.2124999999999986
2021-11-07,-1.4375,6.675,4.34,-3.612499999999999
2021-11-08,3.6875,9.8,2.6866666666666665,5.125
2021-11-09,-2.0875000000000004,9.4,0.8533333333333334,-5.775
2021-11-10,-2.2499999999999982,6.275,0.7200000000000001,-0.16249999999999787
2021-11-11,2.7124999999999986,6.9625,5.293333333333334,4.962499999999997
2021-11-12,-1.200000000000001,10.125,1.7199999999999998,-3.9124999999999996
2021-11-13,0.15000000000000036,9.6375,0.39333333333333337,1.3500000000000014
2021-11-14,2.0124999999999993,10.2125,2.4866666666666664,1.862499999999999
2021-11-15,-3.1374999999999993,7.7,0.3,-5.149999999999999
2021-11-16,0.07500000000000284,8.1875,1.0866666666666664,3.212500000000002
2021-11-17,-0.2875000000000032,8.025,0.6666666666666666,-0.36250000000000604
2021-11-18,1.7750000000000004,11.325000000000001,0.18000000000000002,2.0625000000000036
2021-11-19,-1.2749999999999968,9.275,0.7333333333333333,-3.049999999999997
2021-11-20,-0.40000000000000036,5.174999999999999,0.6133333333333333,0.8749999999999964
2021-11-21,-3.012500000000003,2.6125000000000003,0.10666666666666667,-2.6125000000000025
2021-11-22,-0.025000000000000355,0.35,0.17333333333333334,2.9875000000000025
2021-11-23,-0.9124999999999979,1.6,0.6333333333333333,-0.8874999999999975
2021-11-24,0.7374999999999989,1.8,1.76,1.6499999999999968
2021-11-25,-0.6624999999999996,2.8125000000000004,1.9533333333333334,-1.3999999999999986
2021-11-26,1.4499999999999975,2.9499999999999997,2.4133333333333336,2.112499999999997
2021-11-27,-3.5624999999999973,1.8625,1.0599999999999998,-5.012499999999995
2021-11-28,2.687499999999999,3.0375,1.5266666666666668,6.2499999999999964
2021-11-29,1.8875000000000028,5.424999999999999,1.5066666666666668,-0.7999999999999963
2021-11-30,0.9499999999999993,8.2625,8.633333333333333,-0.9375000000000036
2021-12-01,-2.712500000000002,3.5375,1.3499999999999999,-3.6625000000000014
2021-12-02,1.9750000000000014,3.6999999999999993,8.77142857142857,4.6875000000000036
2021-12-03,-0.4875000000000025,6.1,2.4857142857142853,-2.462500000000004
2021-12-04,-3.3249999999999984,3.2750000000000004,2.0142857142857147,-2.837499999999996
2021-12-05,1.4874999999999998,2.55,3.4285714285714284,4.812499999999998
2021-12-06,0.3625000000000007,2.4875000000000003,10.357142857142856,-1.1249999999999991
2021-12-07,-0.15000000000000036,2.3249999999999997,13.757142857142858,-0.5125000000000011
2021-12-08,-1.4625000000000004,3.35,4.235714285714286,-1.3125
2021-12-09,3.0999999999999996,3.2874999999999996,4.307142857142857,4.5625
2021-12-10,-2.7249999999999996,3.0875,1.9285714285714286,-5.824999999999999
2021-12-11,5.162500000000001,6.299999999999999,2.8214285714285707,7.887500000000001
2021-12-12,0.19999999999999574,6.800000000000001,1.3785714285714286,-4.962500000000006
2021-12-13,-4.974999999999997,2.3,0.5785714285714285,-5.174999999999993
2021-12-14,2.3000000000000016,2.8,0.12142857142857143,7.274999999999999
2021-12-15,1.224999999999996,7.45,0.5714285714285714,-1.0750000000000055
2021-12-16,-0.8499999999999979,5.5625,0.028571428571428574,-2.074999999999994
2021-12-17,-1.0624999999999982,4.5375000000000005,0.0071428571428571435,-0.21250000000000036
2021-12-18,-1.5250000000000021,4.5625,0.021428571428571432,-0.4625000000000039
2021-12-19,-0.3874999999999993,3.5625000000000004,0.05714285714285715,1.1375000000000028
2021-12-20,-0.375,4.05,0.04285714285714286,0.01249999999999929
2021-12-21,0.2624999999999993,5.5874999999999995,4.185714285714286,0.6374999999999993
2021-12-22,3.924999999999999,6.55,5.742857142857143,3.6624999999999996
2021-12-23,0.9375000000000018,7.387499999999999,1.55,-2.987499999999997
2021-12-24,-1.8375000000000004,6.4625,11.62857142857143,-2.775000000000002
2021-12-25,-0.7874999999999996,7.125,15.607142857142858,1.0500000000000007
2021-12-26,0.47499999999999964,4.35,1.2642857142857142,1.2624999999999993
2021-12-27,-1.5874999999999986,3.5999999999999996,4.328571428571428,-2.0624999999999982
2021-12-28,0.23749999999999893,4.55,6.5,1.8249999999999975
2021-12-29,4.3375,7.5625,3.35,4.100000000000001
2021-12-30,-0.23749999999999893,11.0875,13.307142857142859,-4.574999999999999
2021-12-31,0.5374999999999979,11.5,1.792857142857143,0.7749999999999968
2022-01-01,0.7749999999999986,8.7625,0.8,0.2375000000000007
2022-01-02,-3.2499999999999982,8.124999999999998,2.5,-4.024999999999997
2022-01-03,-1.0250000000000004,2.5625,5.8,2.224999999999998
2022-01-04,-4.3625,0.9125000000000001,0.425,-3.3374999999999995
2022-01-05,0.9874999999999998,-0.6875,0.0,5.35
2022-01-06,2.5500000000000007,1.4000000000000001,7.8500000000000005,1.5625000000000009
2022-01-07,-0.7875000000000014,1.4375,5.275,-3.337500000000002
2022-01-08,1.9750000000000014,3.0500000000000003,7.025,2.762500000000003
2022-01-09,-0.8499999999999996,3.375,1.95,-2.825000000000001
2022-01-10,2.537499999999998,5.812499999999999,1.4,3.3874999999999975
2022-01-11,-2.4624999999999986,3.4750000000000005,0.1,-4.9999999999999964
2022-01-12,0.16249999999999964,3.4125,0.07500000000000001,2.6249999999999982
2022-01-13,-1.549999999999999,4.2749999999999995,0.05,-1.7124999999999986
2022-01-14,-0.5875000000000004,4.6625000000000005,0.0,0.9624999999999986
2022-01-15,0.8874999999999993,3.8,0.17500000000000002,1.4749999999999996
2022-01-16,0.5999999999999996,0.7000000000000001,0.15000000000000002,-0.28749999999999964
2022-01-17,-0.5875000000000004,-0.7375,0.0,-1.1875
2022-01-18,1.7250000000000032,5.1125,1.2,2.3125000000000036
2022-01-19,-0.33750000000000213,4.575,0.6000000000000001,-2.0625000000000053
2022-01-20,-1.6499999999999986,2.275,0.175,-1.3124999999999964
2022-01-21,-0.9875000000000007,4.6499999999999995,0.05,0.6624999999999979
2022-01-22,1.3375000000000004,5.725,0.375,2.325000000000001
2022-01-23,-0.6000000000000014,5.937499999999999,0.05,-1.9375000000000018
2022-01-24,1.0875000000000004,4.125,0.025,1.6875000000000018
2022-01-25,-0.11250000000000071,4.3,0.075,-1.200000000000001
2022-01-26,1.7874999999999996,5.112499999999999,1.125,1.9000000000000004
2022-01-27,0.20000000000000107,3.8749999999999996,0.725,-1.5874999999999986
2022-01-28,0.6500000000000004,4.4375,0.47500000000000003,0.4499999999999993
2022-01-29,-0.05000000000000071,2.6875,0.575,-0.7000000000000011
2022-01-30,-1.625,2.075,2.125,-1.5749999999999993
2022-01-31,-0.27500000000000036,6.0125,0.125,1.3499999999999996
